cascade_id,cascade_size,event_count,community_count,avg_propagation_delay,max_propagation_delay,total_marginal_gain
1,605,801,13,2.749281654182272,13.0,39799.754968
2,611,861,13,2.812764319396051,13.25,42594.343271000005
3,612,808,13,2.7108110334158417,13.0,40832.853414000005
4,631,841,13,2.7978493115338883,13.25,39775.607196
5,620,827,13,2.7445351293833133,13.0,40644.477460999995
6,604,804,13,2.8697534141791046,13.0,39268.933072
7,628,840,13,2.842887852380952,13.25,41635.578368
8,629,832,13,2.7399391430288462,13.25,40620.100837000005
9,626,805,13,2.751951591304348,13.0,39446.076012000005
10,621,878,13,2.688799850797267,13.25,43166.854154
11,621,817,13,2.94150735373317,13.25,39342.042589000004
12,618,800,13,2.8089072425,13.25,39196.947505000004
13,635,831,13,2.6732832888086646,13.0,42424.871551000004
14,622,819,13,2.791710277167277,13.25,40588.052992
15,624,817,13,2.6352343990208076,13.0,40869.229330999995
16,626,840,13,2.738847317857143,13.0,41426.477474
17,641,822,13,2.7567368613138683,13.0,39200.439815000005
18,639,851,13,2.8833011586368977,12.5,41208.849195999996
19,606,821,13,2.767101185140073,13.25,41931.480037
20,636,813,13,2.6194029581795815,12.0,40457.842565
21,619,838,13,2.8114084940334134,13.25,40074.314565
22,615,818,13,2.751139056234719,12.0,39787.915037
23,638,852,13,2.672436470657277,13.25,42281.58701
24,634,867,13,2.8276770841983856,13.0,40869.826085
25,588,781,13,2.73596528681178,13.0,39773.259216
26,623,841,13,2.744527020214031,13.25,41484.10559100001
27,601,790,13,2.731729956962025,13.0,38787.391665
28,616,881,13,2.8341125686719644,13.0,41238.688068
29,608,813,13,2.810075359163591,13.0,41357.675647
30,622,841,13,2.7235514197384063,13.0,42127.75606
31,618,820,13,2.70164731097561,13.0,41896.09926
32,605,827,13,2.8898068198307136,13.25,41203.456463
33,640,838,13,2.8751761563245823,13.0,40337.252912
34,615,785,13,2.7318577464968152,13.0,39227.323764
35,614,815,13,2.877167202453988,13.25,39791.088601999996
36,625,828,13,2.805845507246377,13.0,41752.356983000005
37,650,849,13,2.7028151660777384,13.0,41541.733705
38,624,839,13,2.8428680154946364,13.0,40921.07648
39,598,780,13,2.860843506410257,13.25,38691.178637000005
40,624,832,13,2.660579300480769,13.0,40945.085271
41,658,849,13,2.733184234393404,12.0,41850.311079
42,652,863,13,2.7094253997682505,13.0,42348.488395
43,626,797,13,2.8343410715181934,13.0,38958.077240000006
44,614,791,13,2.674531434892541,13.25,38836.13474
45,629,848,13,2.7402623408018867,13.25,41846.818751
46,612,835,13,2.5241673796407182,13.0,42119.876366000004
47,637,838,13,2.7258575775656326,13.0,40824.505782
48,614,823,13,2.7111275078979347,13.25,41381.216507000005
49,605,827,13,2.648912212817412,13.25,39802.948909000006
50,625,820,13,2.834099880487805,13.0,40360.873448
51,623,841,13,2.5911683912009513,13.0,41664.362778
52,604,813,13,2.6911160885608854,13.25,39596.494338000004
53,602,820,13,2.876734414634147,13.25,39216.687499
54,652,869,13,2.869601987341772,12.0,41906.874543000005
55,619,821,13,2.7621522314250915,13.0,40525.489872000006
56,627,822,13,2.7820641654501213,13.25,40359.052713
57,629,854,13,2.7867151791569085,13.0,40647.432365
58,621,829,13,2.701965453558504,13.0,41128.526202
59,613,823,13,2.70208827582017,13.0,39904.842843000006
60,597,800,13,2.7118194399999997,13.25,40376.295552
61,633,856,13,2.790865139018692,13.25,41927.301134
62,631,825,13,2.771865321212121,11.666667,39926.940995
63,603,828,13,2.655556518115942,13.0,40815.551261
64,617,821,13,2.6690659853836785,13.0,41941.051673
65,641,846,13,2.6931141879432627,13.0,43295.711722
66,643,864,13,2.833201974537037,13.25,41543.017028
67,627,796,13,2.783466435929648,13.25,40545.458716
68,629,847,13,2.7929901971664703,13.25,40817.968731999994
69,631,836,13,2.7257457057416263,13.0,42363.293393
70,617,850,13,2.798464516470588,13.0,41838.700011
71,607,800,13,2.724330355,13.0,39645.237412
72,612,788,13,2.762297050761421,13.25,39828.31050000001
73,618,827,13,2.8401158355501814,11.666667,42095.180977
74,617,819,13,2.772563324786325,13.0,40711.597521
75,637,856,13,2.744261328271028,11.666667,41241.732822000005
76,637,876,13,2.8558314280821917,13.0,42357.134369
77,641,841,13,2.7749429060642097,13.25,42759.944644
78,629,881,13,2.7350836923950057,13.0,42227.988627000006
79,610,802,13,2.7448086159600997,11.666667,39904.842838
80,599,804,13,2.726919965174129,13.25,38633.63022200001
81,623,833,13,2.6769803133253305,13.0,41933.609328
82,620,829,13,2.6727095090470443,13.25,40535.817611000006
83,611,794,13,2.709320896725441,13.0,39284.733221
84,625,847,13,2.852508384887839,13.25,41647.119940000004
85,640,854,13,2.8350182119437943,13.25,41574.607134000005
86,635,860,13,2.8249247825581394,13.25,42186.140267
87,619,816,13,2.8570271188725487,13.0,39783.576774
88,608,823,13,2.7316172928311055,13.0,40340.068808
89,646,881,13,2.8665891884222474,13.25,42839.282704
90,635,847,13,2.7519180743801654,13.25,41287.670199
91,630,858,13,2.7433048426573423,13.25,42213.561659
92,640,834,13,2.723455045563549,13.0,40166.497875
93,639,880,13,2.7767757920454548,13.25,43357.050826
94,632,869,13,2.6701225661680095,13.25,42352.667302
95,625,869,13,2.784456223245109,13.0,42251.061549000005
96,618,816,13,2.6855732598039217,13.0,39694.517921000006
97,618,838,13,2.6807222422434362,13.0,40384.722865
98,631,814,13,2.7324889815724815,13.0,41036.422584
99,610,786,13,2.735126117048346,13.25,38850.939748000004
100,630,864,13,2.805333261574074,13.0,41457.141938999994
101,617,845,13,2.852821449704142,13.25,40657.829582000006
102,628,849,13,2.801115692579505,13.0,41170.055812000006
103,627,837,13,2.7491447096774193,13.25,41888.875589
104,637,841,13,2.6720655671819267,13.25,41437.18326500001
105,656,859,13,2.767429832363213,13.0,41432.168585
106,626,858,13,2.8719622948717944,13.0,41593.969082
107,644,827,13,2.734275732769045,13.25,40373.101612
108,637,838,13,2.7278024021479714,13.25,41045.834842
109,638,816,13,2.7636467083333334,13.0,38327.93825000001
110,602,821,13,2.7674124652862364,13.0,40444.778635
111,597,808,13,2.7135912735148513,13.25,40240.304187
112,623,826,13,2.8117774527845034,13.0,41458.584615
113,625,822,13,2.8311734829683695,13.0,40927.613532
114,621,849,13,2.831601137809187,13.0,41039.526653
115,631,864,13,2.564490556712963,13.0,40896.949104
116,618,807,13,2.58140624535316,13.25,39911.001869
117,626,813,13,2.727826103321033,13.0,38203.488437
118,617,824,13,2.7667504599514565,13.25,40352.147797
119,632,852,13,2.6820306103286384,13.25,41903.541608
120,607,813,13,2.824989745387454,13.0,39729.520648
121,636,820,13,2.680819785365854,13.0,41182.055085
122,612,819,13,2.6149596898656897,13.25,40936.130719
123,618,856,13,2.77422767406542,13.0,42185.991085
124,628,822,13,2.655807077858881,13.25,40168.398298
125,628,843,13,2.824242591933571,13.0,40806.57633900001
126,628,867,13,2.749951483275663,13.25,41699.056960999995
127,611,838,13,2.7514428711217187,13.0,41598.526052
128,620,831,13,2.7965269374247894,13.25,40383.419150999995
129,606,843,13,2.7363069347568207,13.0,42784.400962
130,631,851,13,2.6841502996474738,13.25,41365.496042
131,619,827,13,2.7867574534461914,13.25,40608.937313999995
132,630,816,13,2.637837491421569,11.666667,39627.62671700001
133,624,840,13,2.744754345238095,13.25,41014.175243000005
134,617,816,13,2.7511681017156864,13.0,39609.936311
135,621,835,13,2.6891930419161674,13.25,40183.50165400001
136,646,836,13,2.750919438995216,13.25,41207.794738
137,596,794,13,2.842657226700252,13.0,39473.865252
138,630,820,13,2.653155726829268,13.0,39052.688186
139,603,779,13,2.7005679820282413,13.25,38155.272564
140,622,821,13,2.7542452070645553,11.6,40601.723838000005
141,627,834,13,2.639293804556355,13.25,42060.25794000001
142,601,842,13,2.819107947743468,13.0,40199.749349000005
143,613,811,13,2.7602690160295933,13.0,39637.49672200001
144,640,858,13,2.7599770606060603,13.0,41898.676114
145,623,856,13,2.8054174042056075,12.5,42613.018631
146,615,811,13,2.7026789260172626,13.25,39729.520638
147,635,831,13,2.794922926594465,13.25,41966.253896
148,613,812,13,2.6555785209359604,13.0,39357.166337
149,605,784,13,2.7260366033163264,13.0,38639.93841
150,616,842,13,2.8748755736342044,13.25,41242.866946
151,630,836,13,2.7366023899521528,13.0,40603.01736
152,644,866,13,2.6372314757505775,13.0,42540.436335000006
153,635,847,13,2.6977225832349467,13.0,42809.533695000006
154,628,839,13,2.6643547699642434,13.25,40699.071005000005
155,642,866,13,2.7497287286374132,13.25,43376.034739
156,622,830,13,2.831780934939759,13.0,41479.767312
157,621,829,13,2.7341758094089266,13.0,40375.758143
158,615,791,13,2.645257154235146,13.0,38754.667432
159,629,864,13,2.82085124537037,13.25,41358.362240999995
160,607,826,13,2.814670047215496,13.25,40544.324582
161,616,828,13,2.722573035024155,13.25,40858.821933
162,596,775,13,2.824503327741936,13.0,38798.465306000006
163,643,834,13,2.7456301582733813,13.25,40766.340258000004
164,618,825,13,2.6574810072727275,11.6,40397.856301
165,633,854,13,2.6684128852459015,11.666667,41745.223207999996
166,624,854,13,2.7856218114754103,13.25,40479.552499000005
167,626,834,13,2.802424723021583,13.0,40779.394011000004
168,614,818,13,2.8817654315403423,13.0,40152.667632000004
169,629,890,13,2.7449050213483144,13.0,43096.619823
170,656,889,13,2.8237742564679413,13.25,43145.05435400001
171,619,829,13,2.7398424221954163,13.25,41285.929145999995
172,632,837,13,2.6627434504181604,13.0,41094.359272
173,632,805,13,2.711515330434783,12.5,39876.068614
174,617,824,13,2.7625125194174758,13.0,41691.236562000006
175,632,849,13,2.7524510600706718,13.0,41904.596056
176,599,809,13,2.7129696662546348,13.0,40166.726735
177,618,843,13,2.83182746856465,13.0,42004.818415
178,618,823,13,2.8048776196840826,13.0,40499.521360000006
179,616,854,13,2.806696309133489,13.0,41784.932053000004
180,607,792,13,2.715622996212121,13.25,39632.48202
181,639,839,13,2.791704504171633,13.25,41011.518713
182,627,845,13,2.877174786982249,13.0,41429.352664
183,612,820,13,2.8233328500000003,13.0,39770.144975999996
184,618,819,13,2.6845320402930404,13.0,39232.63682100001
185,633,870,13,2.93667715862069,13.25,42255.986348000006
186,628,867,13,2.772275317185698,13.25,42664.040183000005
187,642,856,13,2.8752220572429903,13.0,42726.076067999995
188,612,779,13,2.6560756572528885,13.0,38458.23854200001
189,625,850,13,2.790961717647059,13.25,42090.096804999994
190,626,851,13,2.8070966897767335,13.25,42226.30684900001
191,617,824,13,2.6950372718446602,13.25,40968.844784
192,608,832,13,2.930790211538462,11.666667,40471.493042
193,614,833,13,2.64500181152461,13.0,40875.527351000004
194,612,796,13,2.681897077889447,13.25,39961.496178
195,622,823,13,2.663385989064399,13.0,41668.690867000005
196,617,790,13,2.7242204151898735,13.0,38520.950819
197,605,836,13,2.810665394736842,13.0,40967.471589
198,606,815,13,2.8450881239263808,13.0,41007.031257
199,622,831,13,2.7158147581227436,13.0,40879.546883
200,602,830,13,2.789687318072289,13.0,39965.963252
201,640,885,13,2.663628818079096,13.0,43029.121724
202,633,835,13,2.7359975257485027,13.25,41392.907243
203,635,825,13,2.834969692121212,13.25,40295.8725
204,627,813,13,2.8956973972939735,13.0,39811.515189
205,584,776,13,2.748503721649485,13.0,38369.467853
206,618,845,13,2.7027918639053254,13.0,42225.103249
207,618,804,13,2.7810066716417907,12.5,39602.722851
208,601,833,13,2.7199775090036016,12.5,41342.870646
209,612,778,13,2.8962750449871466,13.0,37923.754754
210,599,807,13,2.783250225526642,12.0,40346.068454
211,624,807,13,2.6994286071871127,13.25,38823.459053
212,632,837,13,2.7254063058542415,13.25,38783.441639
213,621,837,13,2.7007519247311826,13.25,41338.473082
214,624,830,13,2.750075060240964,11.5,41750.615927000006
215,627,828,13,2.7662362898550725,13.25,39687.911351
216,622,835,13,2.7729512407185632,12.0,41187.28845
217,642,853,13,2.647435753810082,13.0,41505.746005
218,641,878,13,2.6806807494305245,13.0,42599.586827
219,620,804,13,2.6948659514925373,13.0,39948.352538
220,599,764,13,2.779356772251309,13.25,37846.6952
221,604,807,13,2.824821009913259,13.25,38485.261493
222,629,841,13,2.77717522235434,13.0,40951.223899000004
223,615,846,13,2.6774189444444443,13.25,41940.365081
224,630,817,13,2.6731678971848227,13.25,40218.972303999995
225,635,839,13,2.822338569725864,13.0,39926.254405
226,635,816,13,2.708463174019608,13.25,41551.145959
227,624,806,13,2.621103135235732,11.333333,39011.307766000005
228,617,788,13,2.6028246129441626,12.5,40118.361696
229,614,799,13,2.8045006645807256,13.25,39330.351841
230,611,814,13,2.6609536486486487,13.25,40434.3814
231,619,799,13,2.6223632703379227,13.0,39045.78327300001
232,582,829,13,2.8238679227985526,13.0,42145.973664
233,611,807,13,2.700155881040892,13.25,40229.36953
234,611,821,13,2.8461245517661387,13.0,38657.459239
235,620,804,13,2.8685066741293537,13.25,39724.127903
236,622,844,13,2.695989433649289,13.0,41612.425768
237,651,848,13,2.647836646226415,13.0,42210.14905
238,630,845,13,2.7358932059171597,13.25,39099.232497000005
239,624,849,13,2.9203493274440517,13.25,40032.088178000005
240,619,816,13,2.9210725943627445,13.25,39944.014255999995
241,609,828,13,2.791378147342995,13.0,40709.319061
242,628,868,13,2.7669784539170506,13.25,41543.176398
243,621,821,13,2.764599894031669,13.0,40197.09281
244,620,863,13,2.770666643105446,13.25,43155.541449000004
245,647,860,13,2.8361609453488374,13.0,41226.310728000004
246,609,802,13,2.656612433915212,13.25,39105.918726
247,652,852,13,2.8032300293427226,12.5,41789.260158000005
248,635,833,13,2.8170639651860743,13.0,41208.700018
249,614,809,13,2.6674975908529053,13.0,40530.355371000005
250,607,820,13,2.7961595024390244,13.0,40584.640357000004
251,601,808,13,2.778043475247525,11.5,39524.359586000006
252,623,815,13,2.8594312969325153,13.0,39277.967285000006
253,620,815,13,2.6852755877300614,13.25,39951.466809000005
254,643,841,13,2.718805084423306,13.25,40909.545111
255,606,785,13,2.7587726152866243,13.0,39436.206007
256,652,837,13,2.704488345280765,13.0,40738.551002
257,627,866,13,2.7666249676674366,13.25,41824.03402300001
258,652,884,13,2.802601360859729,13.25,42846.804729
259,632,872,13,2.834014123853211,13.0,41650.612242
260,633,839,13,2.8015433134684145,13.0,41224.649344000005
261,627,846,13,2.769199124113475,13.0,41809.378195
262,617,826,13,2.7043189588377725,13.0,40397.020516000004
263,622,835,13,2.576349679041916,13.0,40252.38316700001
264,638,838,13,2.7388590536992843,13.0,41405.215085
265,619,830,13,2.8669540060240966,13.25,40318.886113
266,609,799,13,2.702177822277847,13.0,38387.775344999995
267,606,777,13,2.7451875276705278,13.0,38595.055502
268,649,870,13,2.7614376931034483,13.0,41976.044225000005
269,645,873,13,2.79173302978236,13.25,42040.358575000006
270,596,813,13,2.8520139015990162,13.0,40346.21763
271,631,870,13,2.7874625965517246,13.0,42401.85791
272,609,799,13,2.783753005006258,13.25,38981.458709
273,615,803,13,2.818682907845579,13.25,39486.929200000006
274,607,856,13,2.685784744158879,13.0,41288.277118
275,601,797,13,2.7210885069008786,13.0,38853.745434
276,671,902,13,2.7649346241685144,13.0,43275.653000000006
277,629,830,13,2.869830277108434,13.0,40833.151764
278,612,846,13,2.788394495271868,13.25,39310.382996
279,594,747,13,2.6705276104417672,11.6,36908.585769000005
280,642,866,13,2.791200190531178,13.25,41234.827906
281,626,831,13,2.588056081829121,13.25,41926.933280000005
282,634,873,13,2.6782714203894615,13.0,41902.168409
283,629,825,13,2.6433795054545453,13.0,41081.454701
284,638,840,13,2.7915712369047623,13.0,41601.93866000001
285,633,827,13,2.7564753978234586,13.0,41382.36085700001
286,609,818,13,2.8330985378973104,13.0,40931.105835
287,624,810,13,2.714834901234568,13.0,38736.290431
288,617,848,13,2.836179896226415,13.25,41013.259786
289,616,800,13,2.77403075375,13.0,41172.264780000005
290,611,836,13,2.6697577308612437,13.0,42191.692377
291,636,857,13,2.592352890315053,11.6,41697.544779
292,622,844,13,2.8066200236966825,13.25,41683.117825
293,646,893,13,2.8176540649496085,13.25,43082.789597
294,634,853,13,2.727180910902696,13.0,42285.915097000005
295,622,839,13,2.8119865876042907,13.0,41812.114397
296,635,865,13,2.740823929479769,13.0,41645.150023
297,613,820,13,2.786275651219512,13.0,41014.931339
298,641,882,13,2.9224066825396826,13.0,42416.58323800001
299,644,869,13,2.7822903532796315,13.0,42236.256544
300,624,818,13,2.7819706454767728,13.25,41071.345619
301,640,847,13,2.791589370720189,13.0,41372.709520000004
302,613,839,13,2.8148528092967817,13.0,41341.049917000004
303,623,831,13,2.7304275752105895,13.25,40924.350115
304,642,866,13,2.705896934180138,13.25,43208.165079
305,621,827,13,2.7094009733978237,13.25,40554.652318
306,623,854,13,2.7519241873536298,13.25,42020.011666000006
307,640,818,13,2.71362158801956,12.5,39854.577374
308,622,830,13,2.8368913759036145,13.25,41433.302706
309,631,849,13,2.805922464075383,13.25,40225.638177
310,633,855,13,2.8142142397660823,13.25,40765.573976
311,619,841,13,2.803575199762188,12.0,41271.044456999996
312,630,845,13,2.719321873372781,13.0,42556.684016
313,609,791,13,2.949558524652338,13.0,39358.14109600001
314,617,798,13,2.802359567669173,13.25,39624.661626
315,609,831,13,2.702402442839952,13.0,40796.407985
316,630,838,13,2.6911576121718377,13.0,42970.657809000004
317,619,840,13,2.623617253571428,13.0,40781.533508
318,630,862,13,2.676647145011601,13.0,42691.083522
319,637,819,13,2.839214485958486,13.25,40879.009456
320,620,832,13,2.810978513221154,13.0,41086.906709999996
321,624,805,13,2.6126614409937887,13.0,40573.865083000004
322,630,853,13,2.772678590855803,13.25,42084.405708000006
323,631,848,13,2.838071838443396,13.0,40450.012004000004
324,614,810,13,2.721056733333334,13.25,40822.456187
325,608,809,13,2.5865054882571075,11.666667,38960.584579
326,624,817,13,2.6604704602203184,13.25,39992.091129
327,591,797,13,2.802820595984943,13.0,40098.611516
328,633,809,13,2.6716257564894934,13.0,39607.428993
329,616,786,13,2.9105729223918577,13.0,38267.03649300001
330,632,856,13,2.8481364030373832,13.25,41104.069885000004
331,607,793,13,2.761596508196721,13.0,39277.818108
332,624,840,13,2.821321808333333,13.25,40726.999249
333,627,811,13,2.6682529852034524,13.0,40177.283325
334,647,814,13,2.713922528255528,12.0,40936.578251
335,620,857,13,2.855910241540257,13.0,42344.299303
336,619,815,13,2.816442687116564,13.0,39788.213405
337,629,845,13,2.788738610650888,13.25,41219.485495
338,625,839,13,2.8071296138259836,13.25,41517.884304
339,617,821,13,2.792546352009744,13.0,42519.621485
340,608,806,13,2.670868287841191,13.0,40506.436479
341,632,869,13,2.753369588032221,13.0,42012.877867
342,636,850,13,2.7985345447058823,13.25,41674.30226700001
343,624,809,13,2.683054720642769,11.6,39970.450704
344,637,864,13,2.741719949074074,13.25,41501.33825
345,642,874,13,2.833277028604119,11.5,42858.117406000005
346,613,842,13,2.6785059204275536,11.666667,40970.596039000004
347,628,837,13,2.825697876941458,13.25,40714.781286
348,622,811,13,2.7342928569667078,13.0,39525.573412
349,628,851,13,2.764302036427732,13.25,41611.281422
350,642,840,13,2.720077478571429,13.0,41427.004702000006
351,634,854,13,2.8799222096018737,13.25,41628.434414
352,611,854,13,2.7802349344262294,13.0,41446.207284000004
353,641,853,13,2.724760876905041,13.25,41261.552523
354,627,829,13,2.8094055729794936,13.0,40484.4875
355,621,815,13,2.7406802036809816,13.25,40139.006963
356,621,863,13,2.7537613348783316,13.25,41267.930204000004
357,641,869,13,2.8173904487917154,13.25,43158.874375
358,632,830,13,2.6458859216867467,13.0,40067.638510000004
359,599,795,13,2.7487835710691826,13.25,39915.31975
360,611,805,13,2.8655806968944098,13.25,40719.785767
361,619,836,13,2.7579056531100483,13.0,41566.408704
362,599,793,13,2.688279388398487,10.5,39060.588262000005
363,633,841,13,2.7142229524375745,13.25,41254.040666
364,610,810,13,2.7923525345679012,13.25,39140.762074
365,625,837,13,2.708345659498208,13.0,40408.184030000004
366,644,840,13,2.7187882619047623,13.0,40750.699487
367,628,854,13,2.7978476592505857,13.25,41907.481454
368,627,851,13,2.8086084524089308,13.25,40904.7491
369,608,819,13,2.7390308485958488,13.0,40334.457396
370,639,865,13,2.707110744508671,13.25,41549.703295
371,650,860,13,2.782184384883721,13.0,40935.135574
372,617,830,13,2.7217938421686743,12.0,41131.331908
373,619,862,13,2.734539921113689,13.25,42107.329467
374,644,842,13,2.662697,13.25,41152.59429
375,629,845,13,2.7556306946745566,13.25,40580.919202000005
376,623,832,13,2.7282504387019233,13.25,40864.214653999996
377,627,828,13,2.7180536352657003,13.25,40315.851556
378,630,835,13,2.877166615568863,13.0,40961.471938999995
379,617,842,13,2.8487920819477437,13.25,42243.997237999996
380,629,823,13,2.7777059380315916,13.0,39776.671849
381,621,822,13,2.6877669622871045,13.25,40642.955092
382,619,792,13,2.8521710189393943,13.0,39161.337864
383,610,809,13,2.780987698393078,13.25,40211.519763000004
384,633,850,13,2.777303456470588,13.0,41361.16797
385,614,814,13,2.6910914103194106,13.25,40405.368119000006
386,629,848,13,2.689810759433962,13.0,41862.161183
387,623,843,13,2.692927274021353,13.25,42009.76363
388,621,837,13,2.7406719988052566,12.0,40408.412886000006
389,626,798,13,2.670410647869674,13.25,39755.111107000004
390,609,825,13,2.704936509090909,13.0,40210.694175000004
391,606,799,13,2.793288729662078,13.25,41198.451957
392,628,798,13,2.743009808270677,13.25,38342.285507
393,615,815,13,2.8634521411042946,12.0,41156.534131
394,622,840,13,2.790229120238095,13.0,41416.070053
395,624,836,13,2.846617491626794,13.0,41773.539681
396,625,841,13,2.801892115338882,13.0,40815.769936
397,627,855,13,2.761586840935672,13.0,40903.694638
398,627,820,13,2.7837107987804877,13.0,39490.421501000004
399,618,812,13,2.6264670837438424,13.0,40561.18939000001
400,615,806,13,2.81072265012407,13.25,39342.659692
401,645,884,13,2.6532374479638006,13.0,43488.575146
402,649,842,13,2.7533423764845604,13.25,40682.81312300001
403,616,815,13,2.901988990184049,13.25,40901.187284
404,643,845,13,2.682844468639053,13.0,40805.143824
405,600,798,13,2.6205881754385962,13.0,39517.763215
406,624,823,13,2.6511552746051033,13.25,40600.659189
407,604,846,13,2.7136815650118207,13.0,41066.032585
408,617,839,13,2.785262597139452,13.0,41046.063720000006
409,636,844,13,2.816312154028436,13.0,40884.183519
410,631,816,13,2.7856428002450984,13.25,39977.425126
411,611,827,13,2.7145803301088267,13.0,40865.806505
412,638,849,13,2.693784939929329,13.0,41360.94928100001
413,617,866,13,2.683162872979214,13.25,42876.504583
414,643,870,13,2.6925063873563215,13.0,42041.731773
415,637,820,13,2.641593585365854,12.0,40824.963536
416,603,821,13,2.7070394214372717,13.0,39708.337941000005
417,624,791,13,2.7976747345132744,13.25,39062.249633
418,624,870,13,2.9146013471264367,13.25,41990.082929000004
419,659,840,13,2.7131996404761907,13.25,40937.941275000005
420,634,845,13,2.7146374544378697,13.0,41970.58198
421,618,835,13,2.848937358083832,13.25,40123.137321
422,653,853,13,2.6731628815943727,13.0,42228.585343
423,596,803,13,2.871577809464508,13.25,38228.153224
424,624,856,13,2.7794067967289715,13.25,41925.24134
425,610,825,13,2.7979677757575754,13.25,40800.964936000004
426,613,861,13,2.787638493612079,13.25,41697.534567
427,631,824,13,2.7529742597087377,13.25,41659.726143
428,622,825,13,2.63952092,12.5,40986.545369
429,624,831,13,2.834951675090252,13.25,40731.785074
430,635,834,13,2.7192141474820146,13.0,40571.427265000006
431,611,781,13,2.9430486927016646,13.25,37842.356924
432,617,804,13,2.7420170982587067,13.0,39223.533114000005
433,642,858,13,2.7319967062937063,13.0,42703.988092
434,630,851,13,2.8208545487661576,13.0,42134.43210800001
435,616,782,13,2.7706851572890026,13.25,39417.600149000005
436,636,798,13,2.806873829573935,13.0,39515.016795999996
437,624,820,13,2.758759673170732,13.25,40788.965645000004
438,638,858,13,2.6978905326340326,13.0,42662.98573
439,634,786,13,2.6785345737913486,13.25,38482.535476000005
440,616,795,13,2.6884211836477987,11.666667,39933.249182
441,628,796,13,2.7239391344221104,13.0,39929.299144
442,609,833,13,2.765182739495798,13.0,41323.886758
443,650,853,13,2.6366335392731535,13.0,42288.880172000005
444,632,801,13,2.7230733383270906,13.25,38678.960678
445,636,867,13,2.7794364821222604,13.25,42099.887117
446,597,773,13,2.721645720569211,12.0,38902.727576000005
447,622,842,13,2.828617611638955,13.0,40774.001268
448,610,803,13,2.799471719800747,13.0,39563.003809
449,630,827,13,2.756714840386941,13.25,40362.395838000004
450,606,816,13,2.6731393970588235,13.25,40067.787692
451,621,829,13,2.7728167418576595,13.25,41887.283714000005
452,608,838,13,2.793913601431981,13.25,42138.153281000006
453,642,852,13,2.6794395974178404,13.0,41928.525157000004
454,611,847,13,2.7763699149940972,13.25,41686.371059000005
455,646,854,13,2.736808572599532,13.0,42419.478816
456,600,837,13,2.794321648745519,13.25,41923.579962
457,628,820,13,2.7622091512195124,13.0,40945.383608000004
458,620,816,13,2.7667478774509804,13.25,39492.16256
459,633,852,13,2.8050413591549295,13.0,41950.762310000006
460,625,834,13,2.7900850743405274,13.0,41437.023875000006
461,639,827,13,2.8700922152357924,13.0,40606.728342
462,631,817,13,2.6474641077111385,13.0,39382.607614
463,632,809,13,2.830342673671199,13.0,38124.896305999995
464,622,843,13,2.9554378742586,13.25,40866.323559000004
465,624,845,13,2.685688920710059,13.0,40805.671069
466,637,812,13,2.5645667130541874,13.25,40889.655939000004
467,599,802,13,2.762642503740649,13.0,38014.734435
468,614,842,13,2.8022282505938243,13.0,41411.135058
469,649,871,13,2.768445777267509,13.25,41558.428958000004
470,640,895,13,2.730313468156425,13.25,43924.16897299999
471,617,840,13,2.8464748690476194,13.0,41015.528068
472,626,833,13,2.7368371152460984,13.0,41197.158468
473,630,838,13,2.8437246646778047,13.0,40144.240342
474,594,804,13,2.7871189689054727,13.25,39303.85611
475,611,847,13,2.712132453364817,13.0,39862.019717
476,632,864,13,2.9351681886574075,13.25,42789.166404999996
477,622,834,13,2.69154628177458,13.25,41961.398583999995
478,605,820,13,2.754855782926829,13.25,41864.280275
479,605,810,13,2.664608558024691,11.666667,40361.33118
480,624,824,13,2.748830714805825,13.0,39433.69867
481,628,817,13,2.6574187343941245,12.0,39722.61571300001
482,619,838,13,2.770670908114559,13.0,41580.298221000005
483,639,872,13,2.805278866972477,13.25,42747.189269
484,623,817,13,2.681106348837209,13.0,40679.480183
485,618,821,13,2.6658947661388552,13.0,40679.022456000006
486,638,832,13,2.720154626201923,13.25,41387.524698
487,630,846,13,2.85189781678487,13.0,40969.670379999996
488,619,817,13,2.8290474271725823,12.0,40508.326712
489,634,860,13,2.682618581395349,13.0,41421.990017000004
490,625,854,13,2.7299891276346604,13.25,41703.922460999995
491,628,837,13,2.8154643369175623,13.25,40504.605525000006
492,624,839,13,2.7940528176400474,13.0,41757.142792000006
493,617,855,13,2.720021812865497,12.0,41550.160997000006
494,606,758,13,2.8277908667546177,13.0,37403.489468
495,619,833,13,2.7105651728691473,13.0,41271.124146
496,627,880,13,2.8509722215909092,13.25,42438.452531
497,600,804,13,2.7590509751243784,13.0,40551.080341
498,645,846,13,2.6947990496453897,13.25,41085.474218
499,632,858,13,2.6576113694638694,13.0,41728.597449
500,615,821,13,2.781236103532278,13.25,39341.744235
501,630,847,13,2.814331626918536,13.25,41448.406075000006
502,643,881,13,2.768251267877412,13.0,42869.818335
503,614,835,13,2.752481701796407,13.0,40757.156856999994
504,626,813,13,2.789548311193112,13.25,40341.362327
505,610,833,13,2.718052456182473,13.25,39852.527774999995
506,620,845,13,2.7868916106508874,13.0,40775.832201000005
507,634,866,13,2.7080593152424943,12.5,41057.306925000004
508,614,822,13,2.80461804379562,13.0,40177.273145
509,618,825,13,2.8106474327272726,13.0,40358.525492
510,612,817,13,2.7518301566707466,13.0,39299.528036
511,625,838,13,2.7041235704057276,13.0,42097.161100000005
512,620,840,13,2.6186418142857146,13.0,41099.980854
513,634,834,13,2.664556449640288,13.0,41323.439214
514,616,776,13,2.749034012886598,13.0,37887.617894999996
515,617,852,13,2.642519930751173,13.0,40728.830180000004
516,622,816,13,2.7976574669117644,13.0,40300.439624
517,627,796,13,2.794998296482412,13.25,39388.219009
518,643,914,13,2.7098051444201317,13.0,44935.70668300001
519,622,845,13,2.803117307692308,13.0,39549.412624000004
520,612,797,13,2.754762902132999,13.25,40263.297414
521,616,829,13,2.8026762955367914,13.25,40517.898349
522,624,849,13,2.772679809187279,13.25,41771.947804
523,626,859,13,2.8250013830034924,13.25,42924.023632000004
524,619,858,13,2.6693010734265736,13.25,41794.354527999996
525,627,837,13,2.87729513739546,13.25,40357.301467000005
526,612,796,13,2.7956623379396985,13.0,40299.146118000004
527,630,843,13,2.7590205978647684,13.0,41810.144476
528,627,836,13,2.7278176543062203,13.25,40311.443781
529,635,863,13,2.711305155272306,13.0,41310.226089
530,634,791,13,2.7335495537294565,13.25,37793.017139
531,600,786,13,2.6966295076335878,13.0,38663.240217
532,623,855,13,2.773253505263158,13.0,41798.294363
533,621,813,13,2.802311638376384,13.25,39510.161503
534,649,869,13,2.6607868883774453,13.25,40849.329954999994
535,630,860,13,2.820464656976744,13.25,41247.801960000004
536,617,841,13,2.7568672960761,13.0,42257.140867
537,624,810,13,2.8955080333333334,12.0,39005.52679
538,624,817,13,2.7870767025703795,13.0,39538.179621
539,605,814,13,2.8322769152334155,13.0,39505.902914000006
540,634,859,13,2.7598448731082654,13.0,41304.226431
541,617,807,13,2.748752972738538,13.0,39883.95850400001
542,625,843,13,2.850444839857651,13.0,41528.281524000005
543,630,830,13,2.731066167469879,13.0,41897.313087
544,616,809,13,2.781848056860322,13.25,40042.953322
545,593,769,13,2.8814689245773732,13.25,37699.609799
546,632,840,13,2.7861871678571433,13.0,39703.323265
547,607,835,13,2.8209447760479045,13.25,40932.618031
548,604,799,13,2.785882150187734,13.0,38712.062973
549,641,851,13,2.8448711128084607,13.0,42012.260754
550,627,841,13,2.696470565992866,13.0,41380.460416
551,627,823,13,2.747111804374241,13.0,38950.714571000004
552,619,852,13,2.7401403791079812,13.25,42257.896973
553,619,820,13,2.864962248780488,13.25,39612.055435999995
554,632,825,13,2.7196272242424246,13.0,39727.172682000004
555,608,840,13,2.617791473809524,13.0,41458.525310000005
556,620,836,13,2.785393409090909,13.0,41414.856238
557,630,805,13,2.785719705590062,13.25,38303.332748
558,627,861,13,2.7955376678281065,13.0,42690.157866
559,625,813,13,2.816233233702337,13.0,38589.662761
560,643,833,13,2.9111487466986796,13.25,39724.426271000004
561,641,854,13,2.7734828629976582,13.25,41408.46834
562,613,834,13,2.7881989688249402,13.0,42080.604847
563,584,774,13,2.739615890180878,13.25,38861.118303
564,629,810,13,2.727805209876543,13.0,39213.583427000005
565,611,836,13,2.8100502177033495,13.0,40481.522423
566,630,824,13,2.7184793495145634,12.0,40025.044255
567,599,793,13,2.695799047919294,13.0,39815.85348400001
568,612,818,13,2.7659661564792177,13.0,41588.815415000005
569,654,853,13,2.797267813599062,13.25,42638.151343000005
570,613,797,13,2.8079414818067754,13.0,39471.964831000005
571,659,855,13,2.7054478736842102,13.25,41768.23681300001
572,634,838,13,2.7467107959427204,13.0,40437.485467
573,620,819,13,2.8068487472527477,13.25,39758.901767
574,623,838,13,2.755129365155131,13.25,41217.893599
575,630,809,13,2.6818657156983936,13.0,39228.995348000004
576,610,804,13,2.682755369402985,13.0,40193.381841
577,644,837,13,2.7148375746714457,13.25,40724.95982800001
578,606,801,13,2.7240706092384523,11.6,39722.307159
579,594,802,13,2.8896043665835407,13.25,39926.552759
580,616,825,13,2.7685954812121207,13.25,41118.576518999995
581,632,822,13,2.7823118236009736,13.0,40322.000377000004
582,640,855,13,2.7140569017543865,13.25,41940.593937
583,635,846,13,2.810796836879433,13.0,42335.802508
584,592,786,13,2.72411648346056,13.25,40205.221751
585,612,808,13,2.839811210396039,13.25,39782.362936000005
586,630,816,13,2.786574558823529,13.0,39674.549056
587,638,879,13,2.7604280614334473,13.25,42256.912008
588,626,852,13,2.725727514084507,13.0,42374.98414100001
589,617,826,13,2.8266497578692498,13.0,40571.19837300001
590,648,842,13,2.843980225653206,13.25,41118.26797
591,610,809,13,3.0091318887515457,13.25,39631.178302
592,630,858,13,2.7879453846153845,13.25,41138.923427
593,637,829,13,2.840258394451146,13.25,40023.740559000005
594,656,810,13,2.799064764197531,13.0,40656.695423
595,615,821,13,2.7900179817295983,13.0,39764.901429000005
596,632,814,13,2.6222675577395576,12.0,39684.34957
597,639,846,13,2.7550400567375886,13.0,40839.231101
598,629,839,13,2.9018427067938024,13.0,39365.503772
599,639,847,13,2.8507856847697757,13.25,42010.81805200001
600,636,905,13,2.7501008530386737,13.0,42897.597412
601,632,826,13,2.722210692493947,13.0,40799.064495
602,619,833,13,2.7956606458583435,13.25,41268.079364000005
603,629,833,13,2.7974794669867946,13.0,40144.021658
604,624,799,13,2.8204943642052562,13.0,39196.569449
605,624,836,13,2.9162688887559813,13.25,41222.898092
606,627,838,13,2.751084872315036,12.5,40543.866864
607,637,873,13,2.596972217640321,13.0,43744.300015
608,627,809,13,2.8686836576019776,13.0,40107.038801
609,652,860,13,2.8238104453488373,13.0,40998.982014
610,608,809,13,2.7089214610630403,12.0,40964.13864
611,620,838,13,2.6901475513126494,13.0,42668.985360000006
612,633,846,13,2.809886394799054,12.5,39922.30435400001
613,627,846,13,2.7390225756501176,13.0,41524.34166800001
614,622,833,13,2.6812377322929173,13.25,40910.450386000004
615,630,805,13,2.767457355279503,13.0,38774.098851999996
616,626,841,13,2.8227705089179547,13.0,41137.78928900001
617,624,865,13,2.7304931641618495,13.0,43160.705311
618,651,874,13,2.8591773764302064,13.25,41545.593863
619,625,818,13,2.6848653288508557,12.0,39573.799471000006
620,618,843,13,2.6426876809015423,13.0,40932.9368
621,625,829,13,2.8262244583835945,13.0,41264.656559
622,652,878,13,2.6921611138952164,13.25,41511.516800000005
623,643,860,13,2.5467423453488367,13.0,42110.453899
624,628,831,13,2.7308072081829122,13.25,41062.162224
625,628,849,13,2.7289495606595997,13.0,41901.412314
626,621,861,13,2.650394982578397,13.25,42613.486539
627,638,848,13,2.733332399764151,13.25,41327.458737
628,622,797,13,2.772687755332497,12.0,39434.683623000004
629,626,850,13,2.814254436470588,13.0,41922.21694700001
630,630,866,13,2.6737902771362587,13.25,43283.254715
631,622,821,13,2.805209478684531,13.25,40803.919815
632,627,814,13,2.8035782530712527,13.0,40531.867560000006
633,622,807,13,2.7430882515489468,13.25,39939.696378
634,634,852,13,2.7458440481220654,13.25,42777.326484000005
635,621,828,13,2.7977551582125604,13.0,40559.577119
636,606,824,13,2.6768574660194173,13.0,40287.455379000006
637,637,840,13,2.7770360928571427,13.25,40196.406219000004
638,616,786,13,2.7835160992366417,13.25,39841.672802
639,631,822,13,2.76871548296837,13.0,40074.08569
640,610,831,13,2.882918833935018,13.25,39669.603872
641,624,832,13,2.6051778088942306,11.6,41686.460932
642,600,830,13,2.8569745626506027,13.25,39917.667726
643,622,849,13,2.822239989399293,13.25,40869.905752
644,616,890,13,2.6901787876404497,13.25,42796.618948
645,624,863,13,2.6984297068366163,13.0,41590.17844
646,648,845,13,2.9296346366863903,13.25,41327.299364
647,632,834,13,2.7551925119904084,13.25,40916.071987999996
648,614,810,13,2.6426699975308643,13.0,40134.758564
649,622,825,13,2.894833573333333,13.25,38918.049625
650,632,837,13,2.741722612903226,13.0,41154.872764
651,607,790,13,2.8720775582278475,13.25,39885.779235
652,627,808,13,2.677006226485149,13.25,39779.408037999994
653,625,855,13,2.74558432748538,13.25,41850.380569
654,623,827,13,2.890000675937122,13.25,39521.772556
655,623,843,13,2.7641793262158956,13.0,40560.870646
656,610,818,13,2.706386075794621,13.0,39999.533477000004
657,637,848,13,2.8296645695754714,13.0,40928.300156000005
658,620,823,13,2.7729845346294044,13.0,39374.170129000006
659,610,818,13,2.7713320293398533,11.666667,40051.231439
660,635,867,13,2.5885025905420993,13.0,43070.044391999996
661,651,859,13,2.7977904295692664,13.0,41392.380014
662,626,850,13,2.8075415482352946,13.25,41494.423140000006
663,620,851,13,2.784021132784959,13.25,41295.03286
664,630,835,13,2.7615892035928145,13.0,41218.500518
665,605,780,13,2.849863652564102,13.25,38652.614114
666,619,827,13,2.749777829504232,13.0,40450.400226
667,643,859,13,2.662259081490105,13.0,41554.041548
668,623,861,13,2.7778464471544715,13.25,41751.750076000004
669,642,838,13,2.830623748210024,13.0,40955.09425
670,606,770,13,2.787160892207792,13.25,37451.705319
671,655,884,13,2.770425285067873,13.25,41132.77461
672,621,815,13,2.822322040490798,13.0,39621.776257000005
673,610,798,13,2.796845786967418,13.0,40490.029401
674,624,861,13,2.7351054541231132,13.0,41956.155037000004
675,627,886,13,2.6740164446952597,12.0,42770.043514
676,648,868,13,2.6758754838709677,13.0,42626.391122
677,636,882,13,2.8327848866213152,13.25,43797.440672000004
678,614,860,13,2.7538796569767445,13.25,41532.39094
679,612,793,13,2.7316014136191678,13.0,39787.835347
680,632,817,13,2.7527578592411266,11.666667,40308.638076
681,641,833,13,2.6643862292917166,13.0,40518.435766
682,638,840,13,2.7543348404761905,13.25,42335.951681
683,622,850,13,2.6528776823529414,13.25,41238.469397
684,620,825,13,2.650495912727273,13.25,40380.85251700001
685,625,864,13,2.6846818020833334,13.25,42707.102357
686,601,803,13,2.7051883835616435,13.0,40862.543091
687,631,850,13,2.7377698423529413,13.25,42731.926523
688,616,824,13,2.678555531553398,13.0,41704.827732000005
689,619,789,13,2.7876254828897338,13.0,39631.497059
690,637,861,13,2.8130979988385594,13.25,41277.11361100001
691,608,807,13,2.7128739603469643,13.0,39676.827521
692,606,825,13,2.8126200084848487,13.25,41013.030922
693,616,875,13,2.701068024,13.0,42185.085815
694,631,854,13,2.731046244730679,13.0,41791.240267
695,627,842,13,2.869359610451306,13.25,41627.827481
696,631,793,13,2.8355501500630518,11.666667,38131.960577
697,621,826,13,2.881836829297821,13.25,38936.884356
698,629,815,13,2.694388932515338,11.666667,39171.138356
699,632,839,13,2.8738501954707987,13.25,40143.48425
700,620,807,13,2.868936480793061,13.25,39946.979336000004
701,609,815,13,2.7467703840490802,13.0,39770.602706000005
702,613,784,13,2.765275755102041,13.0,39393.681236000004
703,649,839,13,2.6113012455303934,13.25,40487.989984
704,629,851,13,2.701194211515864,13.0,41207.794743000006
705,637,836,13,2.9292003684210526,13.25,40476.428039
706,625,845,13,2.7652080366863903,13.25,41473.01156
707,615,794,13,2.602519894206549,13.0,39171.297731
708,624,837,13,2.708666152927121,12.5,41574.159588
709,631,829,13,2.7371914921592277,13.25,41151.380444
710,628,845,13,2.725042267455621,13.0,41237.782784
711,605,831,13,2.686961583634176,13.25,41459.957818
712,641,866,13,2.6898969826789836,13.0,42152.510737000004
713,622,805,13,2.766333920496894,13.25,40336.347632
714,631,830,13,2.8605584253012046,13.0,41359.954117
715,617,828,13,2.746557489130435,13.25,40147.274891
716,624,849,13,2.6440289175500586,13.0,41896.477312
717,625,844,13,2.813406960900474,13.25,40499.212802
718,613,834,13,2.759259731414868,13.0,40228.225204
719,607,787,13,2.617477461245235,13.0,38215.109667
720,629,829,13,2.7066196646562126,12.5,41181.826223
721,610,825,13,2.825291001212121,13.25,41034.44248
722,614,819,13,2.8366455372405373,13.0,40499.670531
723,615,801,13,2.7909423745318356,13.0,38769.541913
724,626,830,13,2.738393095180723,13.0,40353.510803
725,613,827,13,2.811568877871826,13.0,39049.34506400001
726,632,842,13,2.7343508479809975,13.25,41151.529647
727,627,833,13,2.784770576230492,13.0,41145.529976000005
728,619,818,13,2.780336284841076,13.0,39740.52478300001
729,630,865,13,2.7909877075144514,13.0,43081.27741200001
730,616,824,13,2.948812894417476,13.25,39961.167236
731,613,791,13,2.819166016434892,13.0,39066.498018
732,622,817,13,2.8464936523867808,13.0,39702.785848
733,636,822,13,2.761128974452555,13.25,39417.679845
734,620,849,13,2.8482341519434624,13.0,40796.855523000006
735,646,857,13,2.7765572018669777,13.25,40960.486983999996
736,615,789,13,2.9046321406844107,13.25,37594.989851000006
737,616,814,13,2.769000815724816,13.25,40161.105136000006
738,638,841,13,2.6631688430439957,13.0,40972.645642
739,622,811,13,2.6700218162762024,13.0,40165.811252
740,623,844,13,2.806850877962085,13.0,41128.675387
741,604,786,13,2.77718355216285,13.0,39441.140993
742,627,834,13,2.7490517086330932,13.0,40146.071267
743,620,833,13,2.656057661464586,13.25,40694.434377
744,615,832,13,2.8582088485576924,13.0,40278.560151000005
745,617,822,13,2.7053595559610706,12.5,39370.070909
746,622,826,13,2.7367101876513313,13.25,39845.085424000004
747,621,831,13,2.8528073838748496,13.0,40566.641424
748,593,770,13,2.841413115584415,12.0,37112.224443
749,634,859,13,2.84085545983702,13.0,42799.19578000001
750,612,804,13,2.717051152985075,13.0,40368.544658
751,584,803,13,2.9737556562889167,13.25,38715.853642
752,613,830,13,2.8175368144578314,13.0,41782.42471000001
753,600,841,13,2.7373275350772888,13.25,42656.986074
754,623,835,13,2.6626627700598804,13.0,41076.211124
755,636,850,13,2.8061998141176465,13.25,40704.38405200001
756,602,805,13,2.7007537217391304,13.25,40658.526367
757,644,829,13,2.7770142870928836,13.0,40862.921131
758,627,837,13,2.854751476702509,13.25,39943.476869000006
759,616,812,13,2.786613003694581,13.0,39948.581417
760,605,842,13,2.693329374109264,13.0,41288.127932
761,613,818,13,2.843645459657701,13.25,39836.658122
762,645,855,13,2.7708683766081874,13.0,42662.906034
763,611,808,13,2.904077772277228,13.0,39064.97565
764,614,819,13,2.817032482295482,11.666667,39905.141192
765,613,823,13,2.8183827071688943,13.25,39836.807299
766,614,854,13,2.6645951814988296,13.25,42776.12284000001
767,627,858,13,2.806931497668998,13.25,42957.663368
768,621,827,13,2.702425093107618,12.0,40706.662532
769,644,898,13,2.6887417338530066,13.25,43389.17836599999
770,619,813,13,2.9692858105781057,13.25,40092.910206
771,620,841,13,2.7750967312722947,12.0,41136.266908000005
772,664,911,13,2.7758045345773876,11.6,44362.817769
773,626,852,13,2.9035127429577465,13.25,41211.426027
774,643,835,13,2.853709246706587,13.0,39112.743967
775,605,822,13,2.885583456204379,13.0,41643.776797
776,646,838,13,2.625240083532219,13.0,41101.503241
777,614,841,13,2.766939866825208,13.25,42139.606174
778,629,842,13,2.8446126923990493,13.0,41874.448642
779,618,838,13,2.769157951073986,13.25,41086.837226999996
780,601,782,13,2.6782517340153458,13.0,39614.115238
781,636,824,13,2.7374162014563104,13.25,39585.101964
782,634,845,13,2.8557607763313606,11.666667,41104.219058
783,622,854,13,2.7870306850117097,13.0,40711.209307000005
784,628,823,13,2.7743558226002434,13.25,41940.583728000005
785,621,818,13,2.835464937652812,13.25,40477.194347000004
786,611,799,13,2.8855677722152695,13.0,39178.799381000004
787,645,868,13,2.660274949308756,13.0,41718.578292000006
788,626,866,13,2.786918051963048,13.25,41708.926962000005
789,618,819,13,2.780344302808303,13.25,39769.458376
790,617,820,13,2.7913917951219513,13.0,40186.924454
791,626,858,13,2.666974231934732,13.0,43320.307057
792,617,840,13,2.7004998071428576,13.0,42652.130762
793,613,822,13,2.723685935523114,12.0,39491.864219
794,625,809,13,2.646625268232386,13.0,39916.464091
795,641,845,13,2.7533272236686392,13.0,40943.025467
796,632,826,13,2.90483348062954,12.0,40145.225302
797,626,810,13,2.6910978851851852,13.0,40507.19256
798,605,857,13,2.7879391995332554,13.0,42308.540474
799,630,853,13,2.757172162954279,13.0,42714.992235000005
800,619,825,13,2.757764312727273,13.25,41298.60484300001
801,641,851,13,2.7502839776733254,13.0,41257.144736
802,627,843,13,2.7539225966785295,13.25,40455.026682
803,604,797,13,2.6491605382685073,13.0,39869.46204300001
804,619,798,13,2.9455911591478694,12.0,38426.249985
805,616,809,13,2.7170379826946855,13.25,40748.799038
806,628,858,13,2.7299501386946385,13.0,41900.19848199999
807,615,834,13,2.6999757374100724,13.0,41211.744775
808,606,806,13,2.7175760124069477,13.25,39796.49152000001
809,606,828,13,2.8742216811594203,13.25,39618.81117
810,624,807,13,2.7211556629491946,13.25,40306.817324999996
811,622,814,13,2.680361042997543,13.25,38700.979145000005
812,615,785,13,2.77129056178344,13.0,38035.986618
813,635,836,13,2.6419381770334924,13.0,41276.81525
814,635,851,13,2.816452165687427,13.0,41982.043845
815,620,794,13,2.796910857682619,13.25,39272.654237
816,628,821,13,2.76822012911084,13.25,40790.328646
817,623,838,13,2.658363639618139,13.0,42135.1984
818,633,828,13,2.8117489987922704,13.0,39888.515444
819,633,893,13,2.732942726763718,13.0,44864.865424
820,630,811,13,2.743038674475956,13.0,39815.933164
821,635,838,13,2.6560911288782814,12.5,40900.36171900001
822,617,825,13,2.5766089490909088,13.0,40709.020693
823,629,859,13,2.81941302677532,13.0,42744.373366
824,603,807,13,2.7392340793060717,13.25,41000.584063999995
825,634,878,13,2.732337653758542,13.25,42999.27265300001
826,612,837,13,2.791759119474313,13.0,40535.89729200001
827,644,868,13,2.671517267281106,13.0,43316.287515
828,661,863,13,2.7676994275782154,13.0,41160.56387
829,613,779,13,2.7365833286264447,13.0,38953.371098
830,640,840,13,2.7219057059523806,12.0,40119.575528
831,615,806,13,2.6786447853598014,13.25,39357.096838
832,630,867,13,2.747278064590542,13.25,41802.702125
833,606,813,13,2.761008124231242,13.0,40813.262593
834,617,816,13,2.638719171568628,13.25,39901.509911
835,642,850,13,2.665761437647059,11.666667,41457.380978999994
836,641,890,13,2.6307726910112366,13.0,42407.101471999995
837,611,808,13,2.6963146274752474,13.0,40792.995365
838,596,785,13,2.8512733796178344,13.0,37838.188209
839,612,828,13,2.813914291062802,13.25,41477.946559
840,616,832,13,2.8325878461538463,13.25,40114.481154
841,641,854,13,2.8810829519906322,11.666667,40374.384936999995
842,618,823,13,2.638149243013366,11.6,40254.96000200001
843,626,820,13,2.8805163560975604,13.25,39197.245858
844,619,797,13,2.673073627352572,13.0,39992.240314
845,617,835,13,2.6769270994011976,13.0,40245.388357
846,644,871,13,2.706127332950631,13.0,42596.094519
847,632,853,13,2.6638693446658848,13.25,42286.53219900001
848,638,854,13,2.914955298594848,13.25,41302.693866
849,618,807,13,2.7174057385377943,11.666667,40161.413682
850,624,843,13,2.626102446026097,13.25,41821.765726000005
851,611,855,13,2.7448519438596493,13.0,41832.391822000005
852,640,838,13,2.861569497613365,13.0,39880.008478
853,625,863,13,2.9071796396292005,13.25,41503.606509000005
854,612,811,13,2.790411113440197,13.25,40497.471752000005
855,626,832,13,2.864818945913461,13.25,39969.077516000005
856,617,824,13,2.9017563313106796,13.0,38940.903875
857,615,814,13,2.7905546744471748,13.0,40228.07601800001
858,631,820,13,2.813509968292683,13.0,38603.482807
859,611,786,13,2.769378804071247,13.25,39140.304337
860,629,844,13,2.630511825829384,13.0,41859.803026
861,649,848,13,2.618808495283019,13.25,42575.74761300001
862,620,865,13,2.719958252023121,13.0,41776.275893
863,618,820,13,2.8256441158536583,13.25,39897.85823700001
864,617,807,13,2.68377490086741,13.0,39703.860679000005
865,597,801,13,2.672310901373283,13.0,39987.991926
866,602,811,13,2.65308359432799,13.0,38901.364587000004
867,631,861,13,2.8113346422764227,13.25,42707.400719
868,622,860,13,2.819440288372093,12.5,43078.541187
869,613,847,13,2.745714097992916,13.0,42151.59526300001
870,617,815,13,2.738877693251534,13.25,39848.657407000006
871,620,832,13,2.7260187728365386,13.25,40811.13328
872,615,808,13,2.8530346324257425,13.25,39252.307327
873,656,869,13,2.7620906225546604,13.0,41430.41732
874,609,821,13,2.8269802606577343,12.0,39597.319932000006
875,623,799,13,2.689942289111389,13.25,38790.048195
876,625,823,13,2.7568058189550424,13.0,41679.77469400001
877,611,789,13,2.650731784537389,13.25,39828.081633
878,624,822,13,2.936233733576642,13.25,39157.686176
879,612,812,13,2.825574222906404,13.25,40683.191159
880,626,850,13,2.7138160552941177,13.0,40969.22284
881,615,858,13,2.5978808193473197,13.0,42880.683494000004
882,617,827,13,2.69409607738815,13.0,40893.217733
883,618,827,13,2.820696339782346,13.0,40723.735805000004
884,619,818,13,2.8829151589242055,13.25,39535.890953
885,613,823,13,2.7694627667071687,13.0,39913.727864
886,612,817,13,2.715063336597307,13.0,40476.060187
887,631,830,13,2.7835021036144583,13.25,40892.073396
888,618,867,13,2.9059491799307957,13.25,41943.767511000005
889,633,810,13,2.6907524987654323,12.0,39712.74572200001
890,622,826,13,2.6598149370460047,13.0,42012.957548
891,617,840,13,2.777465513095238,13.25,40663.073135
892,607,806,13,2.7412289801488834,13.0,38477.978539
893,640,835,13,2.8476456622754496,13.25,40572.103655
894,611,834,13,2.763904587529976,13.25,41943.708194
895,624,837,13,2.7862054563918757,13.25,41358.969174
896,660,869,13,2.795503406214039,13.25,41940.285386
897,618,819,13,2.76301335042735,13.25,40401.268913
898,624,848,13,2.84622735259434,13.25,41350.989398000005
899,618,846,13,2.707653192671395,11.666667,41726.318986
900,641,885,13,2.8240606237288137,13.25,43989.846362000004
901,630,818,13,2.8572199853300733,13.0,39925.110059000006
902,619,815,13,2.6784311926380373,13.0,40935.593291
903,642,858,13,2.754753114219114,13.0,41336.871017000005
904,615,829,13,2.883848389626056,13.0,40892.600629
905,614,808,13,2.6458313663366337,13.0,40506.824719000004
906,639,847,13,2.6994204580873675,13.25,40791.701862
907,616,818,13,2.6664056723716385,13.25,39957.993685
908,628,856,13,2.761999796728972,13.25,41213.028106000005
909,642,864,13,2.7520507187499996,13.25,41954.712346
910,627,802,13,2.7440560311720694,13.0,37648.747634
911,624,854,13,2.758824949648712,13.0,42187.513473
912,648,867,13,2.8603774175317183,13.0,42324.718672999996
913,621,851,13,2.8402929306697997,13.0,41336.26409900001
914,645,833,13,2.7674083853541416,11.666667,39667.484754000005
915,634,844,13,2.6910234715639816,13.25,42053.731076
916,628,846,13,2.7881032080378256,13.0,41630.185641000004
917,610,815,13,2.8310088588957054,13.0,39616.234324000005
918,628,836,13,2.624540992822967,13.0,41267.482666
919,643,875,13,2.764209070857143,13.0,43192.97183899999
920,624,821,13,2.6905061583434833,13.0,41483.568156
921,615,830,13,2.928788010843374,13.0,40299.673339
922,619,824,13,2.906909766990291,13.0,39584.415358000006
923,604,800,13,2.5832718249999997,13.0,39074.259137
924,616,832,13,2.6726629254807692,13.0,41467.778204
925,621,799,13,2.6010484317897373,13.25,38421.79311500001
926,612,780,13,2.734891126923077,13.25,39910.922159
927,604,852,13,2.7781480563380283,13.25,42252.961965
928,627,837,13,2.7641572305854245,13.25,40513.341385
929,630,846,13,2.724174920803782,13.25,40373.47966
930,627,842,13,2.8473131852731592,13.25,40816.068294
931,623,843,13,2.900540861209964,13.0,40892.749802000006
932,612,826,13,2.9044755738498784,13.25,41815.527013000006
933,634,830,13,2.7845907409638557,13.0,40877.497261
934,648,845,13,2.7662524591715973,13.25,41389.414948000005
935,639,876,13,2.851153325342466,12.0,42174.369842
936,620,807,13,2.7348213035935562,11.666667,40136.430135999995
937,614,818,13,2.7699378044009784,13.0,40134.828067
938,645,850,13,2.831589171764706,13.25,41257.980516
939,636,854,13,2.698067448477752,13.25,42720.991881
940,617,843,13,2.8804604650059313,13.25,43443.76171200001
941,633,834,13,2.696271076738609,13.0,42797.534415
942,612,804,13,2.716467267412935,13.25,39277.440058
943,606,830,13,2.758769842168675,13.25,40466.568231
944,618,835,13,2.7864851245508984,13.0,41545.832923
945,620,807,13,2.6941700582403962,13.25,40028.606046
946,632,829,13,2.716806917973462,13.0,39896.564711
947,627,858,13,2.7641289265734263,13.25,41921.679535
948,641,881,13,2.8231613586833144,13.25,41760.40625
949,611,818,13,2.7483666149144255,12.5,40199.679852
950,615,846,13,2.7471513936170213,13.0,41001.718218
951,625,836,13,2.9114044569377993,13.0,40868.23418100001
952,623,858,13,2.8806956934731933,13.0,41479.697833
953,630,859,13,2.7655616472642603,13.25,42658.57795100001
954,620,820,13,2.800997868292683,13.0,39728.913729
955,632,822,13,2.9361077335766423,13.0,39997.16511
956,618,845,13,2.7988175100591715,13.0,43228.81034000001
957,627,822,13,2.6173208004866177,13.0,39240.696287
958,626,853,13,2.7961322286049235,13.0,41904.596066
959,630,866,13,2.8225017355658197,13.0,41840.132521
960,648,854,13,2.7717487236533955,13.25,41177.040409
961,635,847,13,2.7091016800472256,13.0,41941.967135000006
962,618,825,13,2.7484747503030302,13.0,39326.790056000005
963,635,841,13,2.706009473246135,12.5,40537.867210000004
964,617,807,13,2.734375802973978,13.25,39217.98101
965,611,840,13,2.7384108095238098,13.0,40669.839061
966,595,797,13,2.8312117841907156,13.0,38303.10387100001
967,625,851,13,2.713756460634548,12.5,42760.710946
968,642,865,13,2.8201486346820808,13.0,42092.673644
969,628,844,13,2.8575951635071086,13.0,41400.578456
970,635,835,13,2.612679877844311,13.0,40710.383706
971,636,854,13,2.848219400468384,13.25,40825.251685
972,625,830,13,2.7212416277108438,13.0,40127.08736
973,619,814,13,2.7474386695331696,13.0,40145.842389
974,665,858,13,2.7554801643356646,13.0,41829.506436
975,637,864,13,2.6814755115740745,11.666667,41055.10814800001
976,613,826,13,2.7745094891041164,13.0,40993.748649
977,634,838,13,2.7553921813842486,13.25,41331.47829300001
978,605,829,13,2.842328681544029,13.25,40359.72910900001
979,619,807,13,2.9062646294919454,13.25,39532.100291
980,639,834,13,2.782886068345323,13.0,40679.171642
981,606,811,13,2.798936744759556,13.25,40415.546687
982,598,793,13,2.832349520807062,13.0,39002.49222
983,630,836,13,2.822493257177034,13.25,40913.256087
984,617,818,13,2.779914232273839,13.0,40756.241393000004
985,626,812,13,2.655404052955665,12.5,40645.611596999996
986,606,791,13,2.762826839443742,13.25,38707.058494
987,629,842,13,2.7117511152019,13.25,40712.353624
988,631,851,13,2.7425069494712098,13.0,42351.443271000004
989,626,845,13,2.8956306899408286,13.25,39837.941446
990,638,861,13,2.8554675226480835,13.25,43013.391059
991,619,816,13,2.7674788002450983,13.0,40069.608422000005
992,641,861,13,2.7546411475029036,13.0,41356.839875
993,626,877,13,2.8709683945267956,13.25,44052.111084000004
994,626,815,13,2.6944634331288344,12.0,40142.658646
995,633,847,13,2.82593138961039,13.0,41517.19769
996,620,828,13,2.7660421968599036,13.0,40732.551356
997,614,855,13,2.884721059649123,13.25,41915.072964000006
998,609,831,13,2.8399700096269553,13.25,41531.704328
999,640,872,13,2.905016745412844,13.25,41542.559299
1000,623,836,13,2.6984601662679424,13.0,41633.608449
